{"name":"Loomy Lime","textClasses":{"callout":{"fontFace":"'Segoe UI', wf_segoe-ui_normal, helvetica, arial, sans-serif"},"title":{"fontFace":"'Segoe UI Bold', wf_segoe-ui_bold, helvetica, arial, sans-serif"},"header":{"fontFace":"'Segoe UI', wf_segoe-ui_normal, helvetica, arial, sans-serif"}},"dataColors":["#1E1D3B","#009A9B","#63C3D1","#7EC399","#B3CF60","#FFDE14","#B4BAC3","#232448"],"bad":"#FFDE14","neutral":"#63C3D1","good":"#B3CF60","minimum":"#9FD3C7","center":"#56C596","maximum":"#329D9C"}